Country,,,1993-1997,,,,1998-2002,,,,2003-2007,,,,2008-2012,,,,2013-2017,,,,2018-2022,
Afghanistan,SDG 6.4.2. Water Stress (%),1997,56.18124613,E,,2002,54.75701944,E,,2007,54.75701944,E,,2012,54.75701944,E,,2017,54.75701944,E,,2018,54.75701944,E
,,,,,,,,,,,,,,,,,,,,,,,,
,,,1993-1997,,,,1998-2002,,,,2003-2007,,,,2008-2012,,,,2013-2017,,,,2018-2022,
Albania,SDG 6.4.2. Water Stress (%),1997,8.596514423,E,,2002,9.994711539,E,,2007,7.4984375,E,,2012,6.756850962,E,,2017,6.556490385,E,,2018,5.757211539,E
,,,,,,,,,,,,,,,,,,,,,,,,
,,,1993-1997,,,,1998-2002,,,,2003-2007,,,,2008-2012,,,,2013-2017,,,,2018-2022,
Algeria,SDG 6.4.2. Water Stress (%),1997,74.20801515,E,,2002,85.03737246,E,,2007,97.46451429,E,,2012,109.7509498,E,,2017,137.9203602,E,,2018,137.9203602,E
,,,,,,,,,,,,,,,,,,,,,,,,
,,,1993-1997,,,,1998-2002,,,,2003-2007,,,,2008-2012,,,,2013-2017,,,,2018-2022,
Andorra,SDG 6.4.2. Water Stress (%),,,,,,,,,,,,,,,,,,,,,,,
,,,,,,,,,,,,,,,,,,,,,,,,
,,,1993-1997,,,,1998-2002,,,,2003-2007,,,,2008-2012,,,,2013-2017,,,,2018-2022,
Angola,SDG 6.4.2. Water Stress (%),1997,1.600489696,E,,2002,1.76795756,E,,2007,1.871883289,E,,2012,1.871883289,E,,2017,1.871883289,E,,2018,1.871883289,E
,,,,,,,,,,,,,,,,,,,,,,,,
,,,1993-1997,,,,1998-2002,,,,2003-2007,,,,2008-2012,,,,2013-2017,,,,2018-2022,
Antigua and Barbuda,SDG 6.4.2. Water Stress (%),1997,6.320512821,I,,2002,8.5,I,,2007,9.423076923,I,,2012,8.461538462,E,,2017,8.461538462,I,,2018,8.461538462,I
,,,,,,,,,,,,,,,,,,,,,,,,
,,,1993-1997,,,,1998-2002,,,,2003-2007,,,,2008-2012,,,,2013-2017,,,,2018-2022,
Argentina,SDG 6.4.2. Water Stress (%),1997,8.127363778,E,,2002,8.794229401,E,,2007,9.717542196,E,,2012,10.45666408,E,,2017,10.45666408,E,,2018,10.45666408,E
,,,,,,,,,,,,,,,,,,,,,,,,
,,,1993-1997,,,,1998-2002,,,,2003-2007,,,,2008-2012,,,,2013-2017,,,,2018-2022,
Armenia,SDG 6.4.2. Water Stress (%),1997,37.32096026,E,,2002,34.9404882,E,,2007,60.762558,E,,2012,59.33024006,E,,2017,57.79705467,E,,2018,54.75085737,E
,,,,,,,,,,,,,,,,,,,,,,,,
,,,1993-1997,,,,1998-2002,,,,2003-2007,,,,2008-2012,,,,2013-2017,,,,2018-2022,
Australia,SDG 6.4.2. Water Stress (%),1997,8.817129071,E,,2002,8.37708082,E,,2007,6.586288701,E,,2012,6.380377965,E,,2017,4.274491355,E,,2018,4.657864898,E
,,,,,,,,,,,,,,,,,,,,,,,,
,,,1993-1997,,,,1998-2002,,,,2003-2007,,,,2008-2012,,,,2013-2017,,,,2018-2022,
Austria,SDG 6.4.2. Water Stress (%),1997,10.06355347,E,,2002,9.883945841,E,,2007,9.733697154,E,,2012,9.643547941,E,,2017,9.643547941,E,,2018,9.643547941,E
,,,,,,,,,,,,,,,,,,,,,,,,
,,,1993-1997,,,,1998-2002,,,,2003-2007,,,,2008-2012,,,,2013-2017,,,,2018-2022,
Azerbaijan,SDG 6.4.2. Water Stress (%),1997,55.27931111,E,,2002,44.49105763,E,,2007,54.18414661,E,,2012,52.85935085,E,,2017,53.00728638,E,,2018,53.72930007,E
,,,,,,,,,,,,,,,,,,,,,,,,
,,,1993-1997,,,,1998-2002,,,,2003-2007,,,,2008-2012,,,,2013-2017,,,,2018-2022,
Bahamas,SDG 6.4.2. Water Stress (%),,,,,,,,,,,,,,,,,,,,,,,
,,,,,,,,,,,,,,,,,,,,,,,,
,,,1993-1997,,,,1998-2002,,,,2003-2007,,,,2008-2012,,,,2013-2017,,,,2018-2022,
Bahrain,SDG 6.4.2. Water Stress (%),1997,222.7354111,E,,2002,220.6139478,E,,2007,187.0924765,I,,2012,163.7382445,I,,2017,133.7068966,I,,2018,133.7068966,I
,,,,,,,,,,,,,,,,,,,,,,,,
,,,1993-1997,,,,1998-2002,,,,2003-2007,,,,2008-2012,,,,2013-2017,,,,2018-2022,
Bangladesh,SDG 6.4.2. Water Stress (%),,,,,,,,,,,,,2012,5.723339482,E,,2017,5.723339482,E,,2018,5.723339482,E
,,,,,,,,,,,,,,,,,,,,,,,,
,,,1993-1997,,,,1998-2002,,,,2003-2007,,,,2008-2012,,,,2013-2017,,,,2018-2022,
Barbados,SDG 6.4.2. Water Stress (%),1997,101.25,E,,2002,101.25,E,,2007,87.5,I,,2012,87.5,I,,2017,87.5,I,,2018,87.5,I
,,,,,,,,,,,,,,,,,,,,,,,,
,,,1993-1997,,,,1998-2002,,,,2003-2007,,,,2008-2012,,,,2013-2017,,,,2018-2022,
Belarus,SDG 6.4.2. Water Stress (%),1997,6.33750824,E,,2002,5.882003955,E,,2007,5.414634146,E,,2012,5.027466491,E,,2017,4.604482531,E,,2018,4.581410679,E
,,,,,,,,,,,,,,,,,,,,,,,,
,,,1993-1997,,,,1998-2002,,,,2003-2007,,,,2008-2012,,,,2013-2017,,,,2018-2022,
Belgium,SDG 6.4.2. Water Stress (%),1997,94.47174447,E,,2002,82.74815725,E,,2007,76.33906634,E,,2012,65.11056511,E,,2017,49.06633907,E,,2018,49.06633907,E
,,,,,,,,,,,,,,,,,,,,,,,,
,,,1993-1997,,,,1998-2002,,,,2003-2007,,,,2008-2012,,,,2013-2017,,,,2018-2022,
Belize,SDG 6.4.2. Water Stress (%),1997,0.937419955,E,,2002,1.260294485,E,,2007,1.260294485,E,,2012,1.260294485,E,,2017,1.260294485,E,,2018,1.260294485,E
,,,,,,,,,,,,,,,,,,,,,,,,
,,,1993-1997,,,,1998-2002,,,,2003-2007,,,,2008-2012,,,,2013-2017,,,,2018-2022,
Benin,SDG 6.4.2. Water Stress (%),1997,1.075715357,E,,2002,0.975243811,E,,2007,0.975243811,E,,2012,0.975243811,E,,2017,0.975243811,E,,2018,0.975243811,E
,,,,,,,,,,,,,,,,,,,,,,,,
,,,1993-1997,,,,1998-2002,,,,2003-2007,,,,2008-2012,,,,2013-2017,,,,2018-2022,
Bhutan,SDG 6.4.2. Water Stress (%),,,,,,,,,,,,,2012,1.413807531,E,,2017,1.413807531,E,,2018,1.413807531,E
,,,,,,,,,,,,,,,,,,,,,,,,
,,,1993-1997,,,,1998-2002,,,,2003-2007,,,,2008-2012,,,,2013-2017,,,,2018-2022,
Bolivia (Plurinational State of),SDG 6.4.2. Water Stress (%),1997,1.03400123,E,,2002,1.126490383,E,,2007,1.168967009,E,,2012,1.177001127,E,,2017,1.177001127,E,,2018,1.177001127,E
,,,,,,,,,,,,,,,,,,,,,,,,
,,,1993-1997,,,,1998-2002,,,,2003-2007,,,,2008-2012,,,,2013-2017,,,,2018-2022,
Bosnia and Herzegovina,SDG 6.4.2. Water Stress (%),,,,,2002,2.493359894,E,,2007,2.586985392,E,,2012,2.906374502,E,,2017,2.662018592,E,,2018,2.662018592,E
,,,,,,,,,,,,,,,,,,,,,,,,
,,,1993-1997,,,,1998-2002,,,,2003-2007,,,,2008-2012,,,,2013-2017,,,,2018-2022,
Botswana,SDG 6.4.2. Water Stress (%),1997,1.711178501,E,,2002,2.034736152,E,,2007,2.049946289,E,,2012,2.032834885,E,,2017,2.018195127,E,,2018,2.018195127,E
,,,,,,,,,,,,,,,,,,,,,,,,
,,,1993-1997,,,,1998-2002,,,,2003-2007,,,,2008-2012,,,,2013-2017,,,,2018-2022,
Brazil,SDG 6.4.2. Water Stress (%),1997,2.607754137,E,,2002,2.68321513,E,,2007,2.941843972,E,,2012,3.303096927,E,,2017,3.105437352,E,,2018,1.422501101,E
,,,,,,,,,,,,,,,,,,,,,,,,
,,,1993-1997,,,,1998-2002,,,,2003-2007,,,,2008-2012,,,,2013-2017,,,,2018-2022,
Brunei Darussalam,SDG 6.4.2. Water Stress (%),1997,3.466465712,E,,2002,3.466465712,E,,2007,3.466465712,E,,2012,3.466465712,E,,2017,3.466465712,E,,2018,3.466465712,E
,,,,,,,,,,,,,,,,,,,,,,,,
,,,1993-1997,,,,1998-2002,,,,2003-2007,,,,2008-2012,,,,2013-2017,,,,2018-2022,
Bulgaria,SDG 6.4.2. Water Stress (%),1997,48.63774115,E,,2002,48.70056915,E,,2007,45.84078646,E,,2012,42.23963338,E,,2017,41.82127282,E,,2018,40.09904649,E
,,,,,,,,,,,,,,,,,,,,,,,,
,,,1993-1997,,,,1998-2002,,,,2003-2007,,,,2008-2012,,,,2013-2017,,,,2018-2022,
Burkina Faso,SDG 6.4.2. Water Stress (%),1997,4.514552794,E,,2002,6.845124283,E,,2007,7.820267686,E,,2012,7.820267686,E,,2017,7.820267686,E,,2018,7.820267686,E
,,,,,,,,,,,,,,,,,,,,,,,,
,,,1993-1997,,,,1998-2002,,,,2003-2007,,,,2008-2012,,,,2013-2017,,,,2018-2022,
Burundi,SDG 6.4.2. Water Stress (%),1997,8.901578771,E,,2002,10.36535662,E,,2007,10.19286754,E,,2012,10.19286754,E,,2017,10.19286754,E,,2018,10.19286754,E
,,,,,,,,,,,,,,,,,,,,,,,,
,,,1993-1997,,,,1998-2002,,,,2003-2007,,,,2008-2012,,,,2013-2017,,,,2018-2022,
Cabo Verde,SDG 6.4.2. Water Stress (%),,,,,2002,7.6,E,,2007,8.433333333,E,,2012,8.433333333,E,,2017,8.433333333,E,,2018,8.433333333,E
,,,,,,,,,,,,,,,,,,,,,,,,
,,,1993-1997,,,,1998-2002,,,,2003-2007,,,,2008-2012,,,,2013-2017,,,,2018-2022,
Cambodia,SDG 6.4.2. Water Stress (%),,,,,,,,,2007,1.036544851,E,,2012,1.036544851,E,,2017,1.036544851,E,,2018,1.036544851,E
,,,,,,,,,,,,,,,,,,,,,,,,
,,,1993-1997,,,,1998-2002,,,,2003-2007,,,,2008-2012,,,,2013-2017,,,,2018-2022,
Cameroon,SDG 6.4.2. Water Stress (%),1997,1.081003584,E,,2002,1.455483871,E,,2007,1.560430108,E,,2012,1.560430108,E,,2017,1.560430108,E,,2018,1.560430108,E
,,,,,,,,,,,,,,,,,,,,,,,,
,,,1993-1997,,,,1998-2002,,,,2003-2007,,,,2008-2012,,,,2013-2017,,,,2018-2022,
Canada,SDG 6.4.2. Water Stress (%),1997,4.338800674,E,,2002,4.296964704,E,,2007,4.255128733,E,,2012,3.752832132,E,,2017,3.666323378,E,,2018,3.666323378,E
,,,,,,,,,,,,,,,,,,,,,,,,
,,,1993-1997,,,,1998-2002,,,,2003-2007,,,,2008-2012,,,,2013-2017,,,,2018-2022,
Central African Republic,SDG 6.4.2. Water Stress (%),1997,0.256481482,E,,2002,0.318148148,E,,2007,0.335648148,E,,2012,0.335648148,E,,2017,0.335648148,E,,2018,0.335648148,E
,,,,,,,,,,,,,,,,,,,,,,,,
,,,1993-1997,,,,1998-2002,,,,2003-2007,,,,2008-2012,,,,2013-2017,,,,2018-2022,
Chad,SDG 6.4.2. Water Stress (%),1997,3.131034655,E,,2002,4.205859375,E,,2007,4.294921875,E,,2012,4.294921875,E,,2017,4.294921875,E,,2018,4.294921875,E
,,,,,,,,,,,,,,,,,,,,,,,,
,,,1993-1997,,,,1998-2002,,,,2003-2007,,,,2008-2012,,,,2013-2017,,,,2018-2022,
Chile,SDG 6.4.2. Water Stress (%),1997,6.524873745,E,,2002,7.89555458,E,,2007,10.38624769,E,,2012,17.40688067,E,,2017,21.61926046,E,,2018,21.61926046,E
,,,,,,,,,,,,,,,,,,,,,,,,
,,,1993-1997,,,,1998-2002,,,,2003-2007,,,,2008-2012,,,,2013-2017,,,,2018-2022,
China,SDG 6.4.2. Water Stress (%),1997,39.43642574,E,,2002,40.32807,E,,2007,41.53459634,E,,2012,43.73292824,E,,2017,43.22168826,E,,2018,43.22168826,E
,,,,,,,,,,,,,,,,,,,,,,,,
,,,1993-1997,,,,1998-2002,,,,2003-2007,,,,2008-2012,,,,2013-2017,,,,2018-2022,
Colombia,SDG 6.4.2. Water Stress (%),,,,,2002,1.310067365,E,,2007,1.686283683,E,,2012,2.97502601,E,,2017,4.189123876,E,,2018,4.189123876,E
,,,,,,,,,,,,,,,,,,,,,,,,
,,,1993-1997,,,,1998-2002,,,,2003-2007,,,,2008-2012,,,,2013-2017,,,,2018-2022,
Comoros,SDG 6.4.2. Water Stress (%),,,,,2002,0.833333333,I,,2007,0.833333333,I,,2012,0.833333333,I,,2017,0.833333333,I,,2018,0.833333333,I
,,,,,,,,,,,,,,,,,,,,,,,,
,,,1993-1997,,,,1998-2002,,,,2003-2007,,,,2008-2012,,,,2013-2017,,,,2018-2022,
Congo,SDG 6.4.2. Water Stress (%),1997,0.026252983,E,,2002,0.027446301,E,,2007,0.027446301,E,,2012,0.027446301,E,,2017,0.027446301,E,,2018,0.027446301,E
,,,,,,,,,,,,,,,,,,,,,,,,
,,,1993-1997,,,,1998-2002,,,,2003-2007,,,,2008-2012,,,,2013-2017,,,,2018-2022,
Cook Islands,SDG 6.4.2. Water Stress (%),,,,,,,,,,,,,,,,,,,,,,,
,,,,,,,,,,,,,,,,,,,,,,,,
,,,1993-1997,,,,1998-2002,,,,2003-2007,,,,2008-2012,,,,2013-2017,,,,2018-2022,
Costa Rica,SDG 6.4.2. Water Stress (%),,,,,,,,,,,,,2012,3.990308874,E,,2017,4.834726963,E,,2018,5.210802048,E
,,,,,,,,,,,,,,,,,,,,,,,,
,,,1993-1997,,,,1998-2002,,,,2003-2007,,,,2008-2012,,,,2013-2017,,,,2018-2022,
Côte d'Ivoire,SDG 6.4.2. Water Stress (%),1997,5.781085814,E,,2002,6.414010508,E,,2007,6.401537264,E,,2012,5.464292664,E,,2017,5.087565674,E,,2018,5.087565674,E
,,,,,,,,,,,,,,,,,,,,,,,,
,,,1993-1997,,,,1998-2002,,,,2003-2007,,,,2008-2012,,,,2013-2017,,,,2018-2022,
Croatia,SDG 6.4.2. Water Stress (%),,,,,2002,1.275011116,E,,2007,1.447246395,E,,2012,1.469542019,E,,2017,1.495998221,E,,2018,1.496220543,E
,,,,,,,,,,,,,,,,,,,,,,,,
,,,1993-1997,,,,1998-2002,,,,2003-2007,,,,2008-2012,,,,2013-2017,,,,2018-2022,
Cuba,SDG 6.4.2. Water Stress (%),1997,17.96363949,E,,2002,18.04941119,E,,2007,16.98365732,E,,2012,22.86386834,E,,2017,23.93944607,E,,2018,23.93944607,E
,,,,,,,,,,,,,,,,,,,,,,,,
,,,1993-1997,,,,1998-2002,,,,2003-2007,,,,2008-2012,,,,2013-2017,,,,2018-2022,
Cyprus,SDG 6.4.2. Water Stress (%),1997,24.75982192,E,,2002,23.33242209,E,,2007,22.43028978,E,,2012,34.8961181,E,,2017,29.52433024,E,,2018,28.29414981,E
,,,,,,,,,,,,,,,,,,,,,,,,
,,,1993-1997,,,,1998-2002,,,,2003-2007,,,,2008-2012,,,,2013-2017,,,,2018-2022,
Czechia,SDG 6.4.2. Water Stress (%),1997,37.90298054,E,,2002,29.01611922,E,,2007,29.9513382,E,,2012,27.986618,E,,2017,24.78710462,E,,2018,24.19403893,E
,,,,,,,,,,,,,,,,,,,,,,,,
,,,1993-1997,,,,1998-2002,,,,2003-2007,,,,2008-2012,,,,2013-2017,,,,2018-2022,
Democratic People's Republic of Korea,SDG 6.4.2. Water Stress (%),,,,,2002,27.54399231,E,,2007,27.7404678,E,,2012,27.7404678,E,,2017,27.7404678,E,,2018,27.7404678,E
,,,,,,,,,,,,,,,,,,,,,,,,
,,,1993-1997,,,,1998-2002,,,,2003-2007,,,,2008-2012,,,,2013-2017,,,,2018-2022,
Democratic Republic of the Congo,SDG 6.4.2. Water Stress (%),1997,0.172353136,E,,2002,0.207069366,E,,2007,0.226883505,E,,2012,0.226883505,E,,2017,0.226883505,E,,2018,0.226883505,E
,,,,,,,,,,,,,,,,,,,,,,,,
,,,1993-1997,,,,1998-2002,,,,2003-2007,,,,2008-2012,,,,2013-2017,,,,2018-2022,
Denmark,SDG 6.4.2. Water Stress (%),1997,24.81070849,E,,2002,17.66901028,E,,2007,15.01892915,E,,2012,19.69983775,E,,2017,24.09126555,E,,2018,29.06057328,E
,,,,,,,,,,,,,,,,,,,,,,,,
,,,1993-1997,,,,1998-2002,,,,2003-2007,,,,2008-2012,,,,2013-2017,,,,2018-2022,
Djibouti,SDG 6.4.2. Water Stress (%),1997,5.6,I,,2002,6.333333333,I,,2007,6.333333333,I,,2012,6.333333333,I,,2017,6.333333333,I,,2018,6.333333333,I
,,,,,,,,,,,,,,,,,,,,,,,,
,,,1993-1997,,,,1998-2002,,,,2003-2007,,,,2008-2012,,,,2013-2017,,,,2018-2022,
Dominica,SDG 6.4.2. Water Stress (%),1997,8.3,I,,2002,8.3,I,,2007,9.15,I,,2012,10,I,,2017,10,I,,2018,10,I
,,,,,,,,,,,,,,,,,,,,,,,,
,,,1993-1997,,,,1998-2002,,,,2003-2007,,,,2008-2012,,,,2013-2017,,,,2018-2022,
Dominican Republic,SDG 6.4.2. Water Stress (%),,,,,2002,28.26091776,E,,2007,33.9470184,E,,2012,39.55331412,E,,2017,39.55331412,E,,2018,39.55331412,E
,,,,,,,,,,,,,,,,,,,,,,,,
,,,1993-1997,,,,1998-2002,,,,2003-2007,,,,2008-2012,,,,2013-2017,,,,2018-2022,
Ecuador,SDG 6.4.2. Water Stress (%),,,,,2002,6.556839945,E,,2007,6.782352941,E,,2012,6.782352941,E,,2017,6.782352941,E,,2018,6.782352941,E
,,,,,,,,,,,,,,,,,,,,,,,,
,,,1993-1997,,,,1998-2002,,,,2003-2007,,,,2008-2012,,,,2013-2017,,,,2018-2022,
Egypt,SDG 6.4.2. Water Stress (%),1997,113.1018996,E,,2002,109.989071,E,,2007,125.2622951,E,,2012,131.6939891,E,,2017,141.1657559,E,,2018,141.1657559,E
,,,,,,,,,,,,,,,,,,,,,,,,
,,,1993-1997,,,,1998-2002,,,,2003-2007,,,,2008-2012,,,,2013-2017,,,,2018-2022,
El Salvador,SDG 6.4.2. Water Stress (%),1997,7.069323144,E,,2002,10.43468497,E,,2007,13.21272614,E,,2012,13.21272614,E,,2017,13.21272614,E,,2018,13.21272614,E
,,,,,,,,,,,,,,,,,,,,,,,,
,,,1993-1997,,,,1998-2002,,,,2003-2007,,,,2008-2012,,,,2013-2017,,,,2018-2022,
Equatorial Guinea,SDG 6.4.2. Water Stress (%),1997,0.145433806,E,,2002,0.170157553,E,,2007,0.183503244,E,,2012,0.183503244,E,,2017,0.183503244,E,,2018,0.183503244,E
,,,,,,,,,,,,,,,,,,,,,,,,
,,,1993-1997,,,,1998-2002,,,,2003-2007,,,,2008-2012,,,,2013-2017,,,,2018-2022,
Eritrea,SDG 6.4.2. Water Stress (%),,,,,2002,9.556451613,E,,2007,11.17511521,E,,2012,11.17511521,E,,2017,11.17511521,E,,2018,11.17511521,E
,,,,,,,,,,,,,,,,,,,,,,,,
,,,1993-1997,,,,1998-2002,,,,2003-2007,,,,2008-2012,,,,2013-2017,,,,2018-2022,
Estonia,SDG 6.4.2. Water Stress (%),1997,14.86827458,E,,2002,15.2965368,E,,2007,19.8474026,E,,2012,17.65151515,E,,2017,19.31709957,E,,2018,17.40844156,E
,,,,,,,,,,,,,,,,,,,,,,,,
,,,1993-1997,,,,1998-2002,,,,2003-2007,,,,2008-2012,,,,2013-2017,,,,2018-2022,
Eswatini,SDG 6.4.2. Water Stress (%),1997,71.4778504,E,,2002,76.42701525,E,,2007,77.55991285,E,,2012,77.55991285,E,,2017,77.55991285,E,,2018,77.55991285,E
,,,,,,,,,,,,,,,,,,,,,,,,
,,,1993-1997,,,,1998-2002,,,,2003-2007,,,,2008-2012,,,,2013-2017,,,,2018-2022,
Ethiopia,SDG 6.4.2. Water Stress (%),,,,,2002,16.9969419,E,,2007,25.53514039,E,,2012,29.26914095,E,,2017,32.25718654,E,,2018,32.25718654,E
,,,,,,,,,,,,,,,,,,,,,,,,
,,,1993-1997,,,,1998-2002,,,,2003-2007,,,,2008-2012,,,,2013-2017,,,,2018-2022,
Faroe Islands,SDG 6.4.2. Water Stress (%),,,,,,,,,,,,,,,,,,,,,,,
,,,,,,,,,,,,,,,,,,,,,,,,
,,,1993-1997,,,,1998-2002,,,,2003-2007,,,,2008-2012,,,,2013-2017,,,,2018-2022,
Fiji,SDG 6.4.2. Water Stress (%),1997,0.244375589,E,,2002,0.290647986,E,,2007,0.29737303,I,,2012,0.29737303,I,,2017,0.29737303,I,,2018,0.29737303,I
,,,,,,,,,,,,,,,,,,,,,,,,
,,,1993-1997,,,,1998-2002,,,,2003-2007,,,,2008-2012,,,,2013-2017,,,,2018-2022,
Finland,SDG 6.4.2. Water Stress (%),1997,5.826061181,E,,2002,9.844134286,E,,2007,14.55015414,E,,2012,9.496798672,E,,2017,5.454114299,E,,2018,6.639791321,E
,,,,,,,,,,,,,,,,,,,,,,,,
,,,1993-1997,,,,1998-2002,,,,2003-2007,,,,2008-2012,,,,2013-2017,,,,2018-2022,
France,SDG 6.4.2. Water Stress (%),1997,26.55256938,E,,2002,28.32355773,E,,2007,27.13122647,E,,2012,24.56710146,E,,2017,23.64265079,E,,2018,23.64265079,E
,,,,,,,,,,,,,,,,,,,,,,,,
,,,1993-1997,,,,1998-2002,,,,2003-2007,,,,2008-2012,,,,2013-2017,,,,2018-2022,
Gabon,SDG 6.4.2. Water Stress (%),1997,0.384059983,E,,2002,0.461444043,E,,2007,0.502166065,E,,2012,0.502166065,E,,2017,0.502166065,E,,2018,0.502166065,E
,,,,,,,,,,,,,,,,,,,,,,,,
,,,1993-1997,,,,1998-2002,,,,2003-2007,,,,2008-2012,,,,2013-2017,,,,2018-2022,
Gambia,SDG 6.4.2. Water Stress (%),1997,1.735089425,E,,2002,2.064810787,E,,2007,2.209656372,E,,2012,2.209656372,E,,2017,2.209656372,E,,2018,2.209656372,E
,,,,,,,,,,,,,,,,,,,,,,,,
,,,1993-1997,,,,1998-2002,,,,2003-2007,,,,2008-2012,,,,2013-2017,,,,2018-2022,
Georgia,SDG 6.4.2. Water Stress (%),1997,7.756590662,E,,2002,6.105928339,E,,2007,5.927252986,E,,2012,5.555618893,E,,2017,4.477296417,E,,2018,4.205602606,E
,,,,,,,,,,,,,,,,,,,,,,,,
,,,1993-1997,,,,1998-2002,,,,2003-2007,,,,2008-2012,,,,2013-2017,,,,2018-2022,
Germany,SDG 6.4.2. Water Stress (%),1997,64.94345236,E,,2002,58.63273534,E,,2007,44.21600877,E,,2012,38.21363304,E,,2017,33.50191886,E,,2018,33.50191886,E
,,,,,,,,,,,,,,,,,,,,,,,,
,,,1993-1997,,,,1998-2002,,,,2003-2007,,,,2008-2012,,,,2013-2017,,,,2018-2022,
Ghana,SDG 6.4.2. Water Stress (%),1997,3.983435048,E,,2002,4.517218832,E,,2007,5.108435048,E,,2012,5.734524847,E,,2017,6.314734089,E,,2018,6.314734089,E
,,,,,,,,,,,,,,,,,,,,,,,,
,,,1993-1997,,,,1998-2002,,,,2003-2007,,,,2008-2012,,,,2013-2017,,,,2018-2022,
Greece,SDG 6.4.2. Water Stress (%),1997,17.57030144,E,,2002,18.6850091,E,,2007,19.46125835,E,,2012,20.09913008,E,,2017,20.5017196,E,,2018,20.47744285,E
,,,,,,,,,,,,,,,,,,,,,,,,
,,,1993-1997,,,,1998-2002,,,,2003-2007,,,,2008-2012,,,,2013-2017,,,,2018-2022,
Grenade,SDG 6.4.2. Water Stress (%),,,,,,,,,2007,5.455555556,I,,2012,6.594444444,I,,2017,7.05,I,,2018,7.05,I
,,,,,,,,,,,,,,,,,,,,,,,,
,,,1993-1997,,,,1998-2002,,,,2003-2007,,,,2008-2012,,,,2013-2017,,,,2018-2022,
Guatemala,SDG 6.4.2. Water Stress (%),,,,,2002,4.50291604,E,,2007,5.742097081,E,,2012,5.742097081,E,,2017,5.742097081,E,,2018,5.742097081,E
,,,,,,,,,,,,,,,,,,,,,,,,
,,,1993-1997,,,,1998-2002,,,,2003-2007,,,,2008-2012,,,,2013-2017,,,,2018-2022,
Guinea,SDG 6.4.2. Water Stress (%),1997,0.946745562,E,,2002,0.863461539,E,,2007,0.957869823,E,,2012,1.144852071,E,,2017,1.33183432,E,,2018,1.369230769,E
,,,,,,,,,,,,,,,,,,,,,,,,
,,,1993-1997,,,,1998-2002,,,,2003-2007,,,,2008-2012,,,,2013-2017,,,,2018-2022,
Guinea-Bissau,SDG 6.4.2. Water Stress (%),1997,1.495726496,E,,2002,1.495726496,E,,2007,1.495726496,E,,2012,1.495726496,E,,2017,1.495726496,E,,2018,1.495726496,E
,,,,,,,,,,,,,,,,,,,,,,,,
,,,1993-1997,,,,1998-2002,,,,2003-2007,,,,2008-2012,,,,2013-2017,,,,2018-2022,
Guyana,SDG 6.4.2. Water Stress (%),1997,3.590182648,E,,2002,3.674155251,E,,2007,3.460730594,E,,2012,3.298401827,E,,2017,3.298401827,E,,2018,3.298401827,E
,,,,,,,,,,,,,,,,,,,,,,,,
,,,1993-1997,,,,1998-2002,,,,2003-2007,,,,2008-2012,,,,2013-2017,,,,2018-2022,
Haiti,SDG 6.4.2. Water Stress (%),1997,12.07521295,E,,2002,12.62045413,E,,2007,13.1656953,E,,2012,13.38379177,E,,2017,13.38379177,E,,2018,13.38379177,E
,,,,,,,,,,,,,,,,,,,,,,,,
,,,1993-1997,,,,1998-2002,,,,2003-2007,,,,2008-2012,,,,2013-2017,,,,2018-2022,
Holy See,SDG 6.4.2. Water Stress (%),,,,,,,,,,,,,,,,,,,,,,,
,,,,,,,,,,,,,,,,,,,,,,,,
,,,1993-1997,,,,1998-2002,,,,2003-2007,,,,2008-2012,,,,2013-2017,,,,2018-2022,
Honduras,SDG 6.4.2. Water Stress (%),,,,,,,,,2007,4.621268764,E,,2012,4.621268764,E,,2017,4.621268764,E,,2018,4.621268764,E
,,,,,,,,,,,,,,,,,,,,,,,,
,,,1993-1997,,,,1998-2002,,,,2003-2007,,,,2008-2012,,,,2013-2017,,,,2018-2022,
Hungary,SDG 6.4.2. Water Stress (%),1997,10.30886586,E,,2002,9.948186529,E,,2007,9.476108233,E,,2012,8.723661485,E,,2017,7.77029361,E,,2018,7.651122625,E
,,,,,,,,,,,,,,,,,,,,,,,,
,,,1993-1997,,,,1998-2002,,,,2003-2007,,,,2008-2012,,,,2013-2017,,,,2018-2022,
Iceland,SDG 6.4.2. Water Stress (%),1997,0.223535807,E,,2002,0.224215247,E,,2007,0.290902297,E,,2012,0.399510803,E,,2017,0.394075282,E,,2018,0.394075282,E
,,,,,,,,,,,,,,,,,,,,,,,,
,,,1993-1997,,,,1998-2002,,,,2003-2007,,,,2008-2012,,,,2013-2017,,,,2018-2022,
India,SDG 6.4.2. Water Stress (%),1997,59.28113062,E,,2002,65.77525981,E,,2007,65.34913227,E,,2012,66.49209283,E,,2017,66.49209283,E,,2018,66.49209283,E
,,,,,,,,,,,,,,,,,,,,,,,,
,,,1993-1997,,,,1998-2002,,,,2003-2007,,,,2008-2012,,,,2013-2017,,,,2018-2022,
Indonesia,SDG 6.4.2. Water Stress (%),1997,13.5503388,E,,2002,16.93218954,E,,2007,21.49088802,E,,2012,26.0495865,E,,2017,29.69654528,E,,2018,29.69654528,E
,,,,,,,,,,,,,,,,,,,,,,,,
,,,1993-1997,,,,1998-2002,,,,2003-2007,,,,2008-2012,,,,2013-2017,,,,2018-2022,
Iran (Islamic Republic of),SDG 6.4.2. Water Stress (%),1997,74.5087236,E,,2002,79.40749486,E,,2007,81.28908129,E,,2012,81.28908129,E,,2017,81.28908129,E,,2018,81.28908129,E
,,,,,,,,,,,,,,,,,,,,,,,,
,,,1993-1997,,,,1998-2002,,,,2003-2007,,,,2008-2012,,,,2013-2017,,,,2018-2022,
Iraq,SDG 6.4.2. Water Stress (%),1997,82.91095506,E,,2002,87.46861958,E,,2007,74.42457865,E,,2012,61.37351525,E,,2017,60.48174157,E,,2018,47.14044944,E
,,,,,,,,,,,,,,,,,,,,,,,,
,,,1993-1997,,,,1998-2002,,,,2003-2007,,,,2008-2012,,,,2013-2017,,,,2018-2022,
Ireland,SDG 6.4.2. Water Stress (%),1997,5.164493832,E,,2002,4.339837256,E,,2007,3.512993263,E,,2012,4.717677254,E,,2017,6.508929526,E,,2018,20.04213483,E
,,,,,,,,,,,,,,,,,,,,,,,,
,,,1993-1997,,,,1998-2002,,,,2003-2007,,,,2008-2012,,,,2013-2017,,,,2018-2022,
Israel,SDG 6.4.2. Water Stress (%),1997,135.0012941,E,,2002,133.1636615,E,,2007,119.0147528,E,,2012,108.912087,E,,2017,103.6148736,E,,2018,95.93650246,E
,,,,,,,,,,,,,,,,,,,,,,,,
,,,1993-1997,,,,1998-2002,,,,2003-2007,,,,2008-2012,,,,2013-2017,,,,2018-2022,
Italy,SDG 6.4.2. Water Stress (%),1997,39.32100304,E,,2002,36.77361514,E,,2007,29.47952717,E,,2012,29.94490196,E,,2017,29.99885452,E,,2018,29.99885452,E
,,,,,,,,,,,,,,,,,,,,,,,,
,,,1993-1997,,,,1998-2002,,,,2003-2007,,,,2008-2012,,,,2013-2017,,,,2018-2022,
Jamaica,SDG 6.4.2. Water Stress (%),1997,9.66526313,I,,2002,11.03470123,I,,2007,12.40413933,I,,2012,13.77357743,I,,2017,12.4734362,I,,2018,12.4734362,I
,,,,,,,,,,,,,,,,,,,,,,,,
,,,1993-1997,,,,1998-2002,,,,2003-2007,,,,2008-2012,,,,2013-2017,,,,2018-2022,
Japan,SDG 6.4.2. Water Stress (%),1997,41.00689655,E,,2002,38.82758621,E,,2007,38.04597701,E,,2012,37.0435468,E,,2017,36.45977011,E,,2018,36.45977011,E
,,,,,,,,,,,,,,,,,,,,,,,,
,,,1993-1997,,,,1998-2002,,,,2003-2007,,,,2008-2012,,,,2013-2017,,,,2018-2022,
Jordan,SDG 6.4.2. Water Stress (%),1997,91.37501384,E,,2002,81.81019888,E,,2007,103.2229483,E,,2012,94.03034666,E,,2017,100.077528,E,,2018,100.077528,E
,,,,,,,,,,,,,,,,,,,,,,,,
,,,1993-1997,,,,1998-2002,,,,2003-2007,,,,2008-2012,,,,2013-2017,,,,2018-2022,
Kazakhstan,SDG 6.4.2. Water Stress (%),1997,37.4554785,E,,2002,30.87378641,E,,2007,31.63661581,E,,2012,29.66712899,E,,2017,31.13730929,E,,2018,32.6518724,E
,,,,,,,,,,,,,,,,,,,,,,,,
,,,1993-1997,,,,1998-2002,,,,2003-2007,,,,2008-2012,,,,2013-2017,,,,2018-2022,
Kenya,SDG 6.4.2. Water Stress (%),1997,14.06963029,E,,2002,17.03743632,E,,2007,23.35649511,E,,2012,26.5358615,E,,2017,33.23990107,E,,2018,33.23990107,E
,,,,,,,,,,,,,,,,,,,,,,,,
,,,1993-1997,,,,1998-2002,,,,2003-2007,,,,2008-2012,,,,2013-2017,,,,2018-2022,
Kiribati,SDG 6.4.2. Water Stress (%),,,,,,,,,,,,,,,,,,,,,,,
,,,,,,,,,,,,,,,,,,,,,,,,
,,,1993-1997,,,,1998-2002,,,,2003-2007,,,,2008-2012,,,,2013-2017,,,,2018-2022,
Kuwait,SDG 6.4.2. Water Stress (%),1997,1566.082341,E,,2002,2075,E,,2007,2584.230769,E,,2012,3093.461538,E,,2017,3850.5,E,,2018,3850.5,E
,,,,,,,,,,,,,,,,,,,,,,,,
,,,1993-1997,,,,1998-2002,,,,2003-2007,,,,2008-2012,,,,2013-2017,,,,2018-2022,
Kyrgyzstan,SDG 6.4.2. Water Stress (%),1997,64.50460979,E,,2002,60.31034931,E,,2007,50.03895598,E,,2012,50.03895598,E,,2017,50.03895598,E,,2018,50.03895598,E
,,,,,,,,,,,,,,,,,,,,,,,,
,,,1993-1997,,,,1998-2002,,,,2003-2007,,,,2008-2012,,,,2013-2017,,,,2018-2022,
Lao People's Democratic Republic,SDG 6.4.2. Water Stress (%),,,,,,,,,2007,2.867666232,E,,2012,4.344198175,E,,2017,4.771838331,E,,2018,4.771838331,E
,,,,,,,,,,,,,,,,,,,,,,,,
,,,1993-1997,,,,1998-2002,,,,2003-2007,,,,2008-2012,,,,2013-2017,,,,2018-2022,
Latvia,SDG 6.4.2. Water Stress (%),1997,2.121154979,E,,2002,1.440777843,E,,2007,1.217442546,E,,2012,1.462581025,E,,2017,1.067280854,E,,2018,1.080431302,E
,,,,,,,,,,,,,,,,,,,,,,,,
,,,1993-1997,,,,1998-2002,,,,2003-2007,,,,2008-2012,,,,2013-2017,,,,2018-2022,
Lebanon,SDG 6.4.2. Water Stress (%),1997,44.1596366,E,,2002,39.48085659,E,,2007,40.20765737,E,,2012,51.82349124,E,,2017,58.79299156,E,,2018,58.79299156,E
,,,,,,,,,,,,,,,,,,,,,,,,
,,,1993-1997,,,,1998-2002,,,,2003-2007,,,,2008-2012,,,,2013-2017,,,,2018-2022,
Lesotho,SDG 6.4.2. Water Stress (%),1997,2.558845178,E,,2002,2.565905097,E,,2007,2.565905097,E,,2012,2.565905097,E,,2017,2.565905097,E,,2018,2.565905097,E
,,,,,,,,,,,,,,,,,,,,,,,,
,,,1993-1997,,,,1998-2002,,,,2003-2007,,,,2008-2012,,,,2013-2017,,,,2018-2022,
Liberia,SDG 6.4.2. Water Stress (%),1997,0.236622074,E,,2002,0.247898551,E,,2007,0.264311594,E,,2012,0.264311594,E,,2017,0.264311594,E,,2018,0.264311594,E
,,,,,,,,,,,,,,,,,,,,,,,,
,,,1993-1997,,,,1998-2002,,,,2003-2007,,,,2008-2012,,,,2013-2017,,,,2018-2022,
Libya,SDG 6.4.2. Water Stress (%),1997,637.5485714,I,,2002,648.4857143,E,,2007,732.0918367,E,,2012,817.1428571,E,,2017,817.1428571,I,,2018,817.1428571,I
,,,,,,,,,,,,,,,,,,,,,,,,
,,,1993-1997,,,,1998-2002,,,,2003-2007,,,,2008-2012,,,,2013-2017,,,,2018-2022,
Liechtenstein,SDG 6.4.2. Water Stress (%),,,,,,,,,,,,,,,,,,,,,,,
,,,,,,,,,,,,,,,,,,,,,,,,
,,,1993-1997,,,,1998-2002,,,,2003-2007,,,,2008-2012,,,,2013-2017,,,,2018-2022,
Lithuania,SDG 6.4.2. Water Stress (%),1997,27.54722422,E,,2002,19.222062,E,,2007,16.32299928,E,,2012,3.870223504,E,,2017,1.867339582,E,,2018,1.834102379,E
,,,,,,,,,,,,,,,,,,,,,,,,
,,,1993-1997,,,,1998-2002,,,,2003-2007,,,,2008-2012,,,,2013-2017,,,,2018-2022,
Luxembourg,SDG 6.4.2. Water Stress (%),1997,4.883913765,E,,2002,4.698175788,E,,2007,4.126036484,E,,2012,3.698175788,E,,2017,3.781094527,E,,2018,4.328358209,E
,,,,,,,,,,,,,,,,,,,,,,,,
,,,1993-1997,,,,1998-2002,,,,2003-2007,,,,2008-2012,,,,2013-2017,,,,2018-2022,
Madagascar,SDG 6.4.2. Water Stress (%),1997,11.6482113,E,,2002,11.21737238,E,,2007,11.26150628,E,,2012,11.26150628,E,,2017,11.26150628,E,,2018,11.26150628,E
,,,,,,,,,,,,,,,,,,,,,,,,
,,,1993-1997,,,,1998-2002,,,,2003-2007,,,,2008-2012,,,,2013-2017,,,,2018-2022,
Malawi,SDG 6.4.2. Water Stress (%),1997,14.01270804,E,,2002,17.26254677,E,,2007,17.50483809,E,,2012,17.50483809,E,,2017,17.50483809,E,,2018,17.50483809,E
,,,,,,,,,,,,,,,,,,,,,,,,
,,,1993-1997,,,,1998-2002,,,,2003-2007,,,,2008-2012,,,,2013-2017,,,,2018-2022,
Malaysia,SDG 6.4.2. Water Stress (%),1997,2.832334683,E,,2002,2.932469636,E,,2007,3.032604588,E,,2012,3.132739541,E,,2017,3.43948718,E,,2018,3.43948718,E
,,,,,,,,,,,,,,,,,,,,,,,,
,,,1993-1997,,,,1998-2002,,,,2003-2007,,,,2008-2012,,,,2013-2017,,,,2018-2022,
Maldives,SDG 6.4.2. Water Stress (%),1997,16.44230769,E,,2002,16.91666667,E,,2007,15.46031746,I,,2012,15.66666667,I,,2017,15.66666667,I,,2018,15.66666667,I
,,,,,,,,,,,,,,,,,,,,,,,,
,,,1993-1997,,,,1998-2002,,,,2003-2007,,,,2008-2012,,,,2013-2017,,,,2018-2022,
Mali,SDG 6.4.2. Water Stress (%),1997,6.259015595,E,,2002,7.875406108,E,,2007,8.00308642,E,,2012,8.00308642,E,,2017,8.00308642,E,,2018,8.00308642,E
,,,,,,,,,,,,,,,,,,,,,,,,
,,,1993-1997,,,,1998-2002,,,,2003-2007,,,,2008-2012,,,,2013-2017,,,,2018-2022,
Malta,SDG 6.4.2. Water Stress (%),1997,52.19236209,I,,2002,67.32673267,E,,2007,72.87128713,E,,2012,79.40594059,E,,2017,91.08910891,E,,2018,85.14851485,E
,,,,,,,,,,,,,,,,,,,,,,,,
,,,1993-1997,,,,1998-2002,,,,2003-2007,,,,2008-2012,,,,2013-2017,,,,2018-2022,
Marshall Islands,SDG 6.4.2. Water Stress (%),,,,,,,,,,,,,,,,,,,,,,,
,,,,,,,,,,,,,,,,,,,,,,,,
,,,1993-1997,,,,1998-2002,,,,2003-2007,,,,2008-2012,,,,2013-2017,,,,2018-2022,
Mauritania,SDG 6.4.2. Water Stress (%),1997,15.76513067,E,,2002,14.45372372,E,,2007,13.24621733,E,,2012,13.24621733,E,,2017,13.24621733,E,,2018,13.24621733,E
,,,,,,,,,,,,,,,,,,,,,,,,
,,,1993-1997,,,,1998-2002,,,,2003-2007,,,,2008-2012,,,,2013-2017,,,,2018-2022,
Mauritius,SDG 6.4.2. Water Stress (%),1997,22.28280625,I,,2002,24.96062038,I,,2007,22.90076336,E,,2012,21.15594329,E,,2017,22.173755,E,,2018,21.48309706,E
,,,,,,,,,,,,,,,,,,,,,,,,
,,,1993-1997,,,,1998-2002,,,,2003-2007,,,,2008-2012,,,,2013-2017,,,,2018-2022,
Mexico,SDG 6.4.2. Water Stress (%),1997,24.88511432,E,,2002,27.12050055,E,,2007,29.50245322,E,,2012,31.03290471,E,,2017,32.94972017,E,,2018,44.46268418,E
,,,,,,,,,,,,,,,,,,,,,,,,
,,,1993-1997,,,,1998-2002,,,,2003-2007,,,,2008-2012,,,,2013-2017,,,,2018-2022,
Micronesia (Federated States of),SDG 6.4.2. Water Stress (%),,,,,,,,,,,,,,,,,,,,,,,
,,,,,,,,,,,,,,,,,,,,,,,,
,,,1993-1997,,,,1998-2002,,,,2003-2007,,,,2008-2012,,,,2013-2017,,,,2018-2022,
Monaco,SDG 6.4.2. Water Stress (%),,,,,,,,,,,,,,,,,,,,,,,
,,,,,,,,,,,,,,,,,,,,,,,,
,,,1993-1997,,,,1998-2002,,,,2003-2007,,,,2008-2012,,,,2013-2017,,,,2018-2022,
Mongolia,SDG 6.4.2. Water Stress (%),1997,3.395459166,E,,2002,3.711736135,E,,2007,3.991678904,E,,2012,3.599853157,E,,2017,3.395007342,E,,2018,3.395007342,E
,,,,,,,,,,,,,,,,,,,,,,,,
,,,1993-1997,,,,1998-2002,,,,2003-2007,,,,2008-2012,,,,2013-2017,,,,2018-2022,
Montenegro,SDG 6.4.2. Water Stress (%),,,,,,,,,,,,,,,,,,,,,,,
,,,,,,,,,,,,,,,,,,,,,,,,
,,,1993-1997,,,,1998-2002,,,,2003-2007,,,,2008-2012,,,,2013-2017,,,,2018-2022,
Morocco,SDG 6.4.2. Water Stress (%),1997,55.93078289,E,,2002,71.10353766,E,,2007,58.38333413,E,,2012,50.75121202,E,,2017,50.75121202,E,,2018,50.75121202,E
,,,,,,,,,,,,,,,,,,,,,,,,
,,,1993-1997,,,,1998-2002,,,,2003-2007,,,,2008-2012,,,,2013-2017,,,,2018-2022,
Mozambique,SDG 6.4.2. Water Stress (%),1997,0.940421576,E,,2002,1.129668762,E,,2007,1.387334806,E,,2012,1.614929506,E,,2017,1.751486326,E,,2018,1.751486326,E
,,,,,,,,,,,,,,,,,,,,,,,,
,,,1993-1997,,,,1998-2002,,,,2003-2007,,,,2008-2012,,,,2013-2017,,,,2018-2022,
Myanmar,SDG 6.4.2. Water Stress (%),1997,5.600303502,E,,2002,5.801501397,E,,2007,5.801501397,E,,2012,5.801501397,E,,2017,5.801501397,E,,2018,5.801501397,E
,,,,,,,,,,,,,,,,,,,,,,,,
,,,1993-1997,,,,1998-2002,,,,2003-2007,,,,2008-2012,,,,2013-2017,,,,2018-2022,
Namibia,SDG 6.4.2. Water Stress (%),1997,0.840158924,E,,2002,0.861552567,E,,2007,0.861552567,E,,2012,0.861552567,E,,2017,0.861552567,E,,2018,0.861552567,E
,,,,,,,,,,,,,,,,,,,,,,,,
,,,1993-1997,,,,1998-2002,,,,2003-2007,,,,2008-2012,,,,2013-2017,,,,2018-2022,
Nauru,SDG 6.4.2. Water Stress (%),,,,,,,,,,,,,,,,,,,,,,,
,,,,,,,,,,,,,,,,,,,,,,,,
,,,1993-1997,,,,1998-2002,,,,2003-2007,,,,2008-2012,,,,2013-2017,,,,2018-2022,
Nepal,SDG 6.4.2. Water Stress (%),,,,,2002,8.34617539,E,,2007,8.311832662,E,,2012,8.311832662,E,,2017,8.311832662,E,,2018,8.311832662,E
,,,,,,,,,,,,,,,,,,,,,,,,
,,,1993-1997,,,,1998-2002,,,,2003-2007,,,,2008-2012,,,,2013-2017,,,,2018-2022,
Netherlands,SDG 6.4.2. Water Stress (%),1997,13.26846402,E,,2002,18.17652364,E,,2007,20.77083729,E,,2012,20.35314221,E,,2017,15.02980824,E,,2018,16.38417965,E
,,,,,,,,,,,,,,,,,,,,,,,,
,,,1993-1997,,,,1998-2002,,,,2003-2007,,,,2008-2012,,,,2013-2017,,,,2018-2022,
New Zealand,SDG 6.4.2. Water Stress (%),1997,2.414716498,E,,2002,3.17662126,E,,2007,4.059698452,E,,2012,6.143439283,E,,2017,8.04808476,E,,2018,8.04808476,E
,,,,,,,,,,,,,,,,,,,,,,,,
,,,1993-1997,,,,1998-2002,,,,2003-2007,,,,2008-2012,,,,2013-2017,,,,2018-2022,
Nicaragua,SDG 6.4.2. Water Stress (%),,,,,2002,2.539826538,E,,2007,2.670621075,E,,2012,2.692428472,E,,2017,2.692428472,E,,2018,2.692428472,E
,,,,,,,,,,,,,,,,,,,,,,,,
,,,1993-1997,,,,1998-2002,,,,2003-2007,,,,2008-2012,,,,2013-2017,,,,2018-2022,
Niger,SDG 6.4.2. Water Stress (%),1997,3.225356354,E,,2002,3.832162216,E,,2007,4.696719757,E,,2012,5.947904816,E,,2017,7.453924915,E,,2018,7.453924915,E
,,,,,,,,,,,,,,,,,,,,,,,,
,,,1993-1997,,,,1998-2002,,,,2003-2007,,,,2008-2012,,,,2013-2017,,,,2018-2022,
Nigeria,SDG 6.4.2. Water Stress (%),1997,7.143709004,E,,2002,8.38,E,,2007,9.249147287,E,,2012,9.668217054,E,,2017,9.668217054,E,,2018,9.668217054,E
,,,,,,,,,,,,,,,,,,,,,,,,
,,,1993-1997,,,,1998-2002,,,,2003-2007,,,,2008-2012,,,,2013-2017,,,,2018-2022,
Niue,SDG 6.4.2. Water Stress (%),,,,,,,,,,,,,,,,,,,,,,,
,,,,,,,,,,,,,,,,,,,,,,,,
,,,1993-1997,,,,1998-2002,,,,2003-2007,,,,2008-2012,,,,2013-2017,,,,2018-2022,
North Macedonia,SDG 6.4.2. Water Stress (%),1997,32.41166505,E,,2002,15.32429816,E,,2007,13.33978703,E,,2012,15.31461762,E,,2017,25.26621491,E,,2018,25.26621491,E
,,,,,,,,,,,,,,,,,,,,,,,,
,,,1993-1997,,,,1998-2002,,,,2003-2007,,,,2008-2012,,,,2013-2017,,,,2018-2022,
Norway,SDG 6.4.2. Water Stress (%),1997,1.822078581,E,,2002,1.942237914,E,,2007,2.301140684,E,,2012,2.077414449,E,,2017,2.046463878,E,,2018,2.046463878,E
,,,,,,,,,,,,,,,,,,,,,,,,
,,,1993-1997,,,,1998-2002,,,,2003-2007,,,,2008-2012,,,,2013-2017,,,,2018-2022,
Oman,SDG 6.4.2. Water Stress (%),1997,88.91341991,E,,2002,89.75,E,,2007,97.51428571,I,,2012,113.5142857,I,,2017,116.7142857,E,,2018,116.7142857,E
,,,,,,,,,,,,,,,,,,,,,,,,
,,,1993-1997,,,,1998-2002,,,,2003-2007,,,,2008-2012,,,,2013-2017,,,,2018-2022,
Pakistan,SDG 6.4.2. Water Stress (%),1997,102.3904464,E,,2002,107.4237777,E,,2007,111.6166186,E,,2012,115.2567327,E,,2017,122.6734556,E,,2018,118.2381449,E
,,,,,,,,,,,,,,,,,,,,,,,,
,,,1993-1997,,,,1998-2002,,,,2003-2007,,,,2008-2012,,,,2013-2017,,,,2018-2022,
Palau,SDG 6.4.2. Water Stress (%),,,,,,,,,,,,,,,,,,,,,,,
,,,,,,,,,,,,,,,,,,,,,,,,
,,,1993-1997,,,,1998-2002,,,,2003-2007,,,,2008-2012,,,,2013-2017,,,,2018-2022,
Palestine,SDG 6.4.2. Water Stress (%),,,,,2002,46.16079494,E,,2007,53.85679646,E,,2012,41.73441734,E,,2017,41.07830552,E,,2018,42.74711168,E
,,,,,,,,,,,,,,,,,,,,,,,,
,,,1993-1997,,,,1998-2002,,,,2003-2007,,,,2008-2012,,,,2013-2017,,,,2018-2022,
Panama,SDG 6.4.2. Water Stress (%),,,,,,,,,,,,,2012,0.859516017,E,,2017,0.90107111,E,,2018,0.90107111,E
,,,,,,,,,,,,,,,,,,,,,,,,
,,,1993-1997,,,,1998-2002,,,,2003-2007,,,,2008-2012,,,,2013-2017,,,,2018-2022,
Papua New Guinea,SDG 6.4.2. Water Stress (%),,,,,2002,0.107817875,E,,2007,0.132242833,E,,2012,0.132242833,E,,2017,0.132242833,E,,2018,0.132242833,E
,,,,,,,,,,,,,,,,,,,,,,,,
,,,1993-1997,,,,1998-2002,,,,2003-2007,,,,2008-2012,,,,2013-2017,,,,2018-2022,
Paraguay,SDG 6.4.2. Water Stress (%),1997,0.362176806,E,,2002,0.626735907,E,,2007,1.261804168,E,,2012,1.835399711,E,,2017,1.835399711,E,,2018,1.835399711,E
,,,,,,,,,,,,,,,,,,,,,,,,
,,,1993-1997,,,,1998-2002,,,,2003-2007,,,,2008-2012,,,,2013-2017,,,,2018-2022,
Peru,SDG 6.4.2. Water Stress (%),,,,,,,,,,,,,2012,2.764021787,E,,2017,4.772963665,E,,2018,6.544895678,E
,,,,,,,,,,,,,,,,,,,,,,,,
,,,1993-1997,,,,1998-2002,,,,2003-2007,,,,2008-2012,,,,2013-2017,,,,2018-2022,
Philippines,SDG 6.4.2. Water Stress (%),,,,,,,,,2007,24.91470498,E,,2012,25.75603791,E,,2017,28.35524304,E,,2018,28.65641618,E
,,,,,,,,,,,,,,,,,,,,,,,,
,,,1993-1997,,,,1998-2002,,,,2003-2007,,,,2008-2012,,,,2013-2017,,,,2018-2022,
Poland,SDG 6.4.2. Water Stress (%),1997,44.28175839,E,,2002,40.56420907,E,,2007,41.60609207,E,,2012,39.70231914,E,,2017,34.89096573,E,,2018,33.22256836,E
,,,,,,,,,,,,,,,,,,,,,,,,
,,,1993-1997,,,,1998-2002,,,,2003-2007,,,,2008-2012,,,,2013-2017,,,,2018-2022,
Portugal,SDG 6.4.2. Water Stress (%),1997,23.52214472,E,,2002,20.49012284,E,,2007,18.37653205,E,,2012,17.70633804,E,,2017,12.37988748,E,,2018,12.31571228,E
,,,,,,,,,,,,,,,,,,,,,,,,
,,,1993-1997,,,,1998-2002,,,,2003-2007,,,,2008-2012,,,,2013-2017,,,,2018-2022,
Puerto Rico,SDG 6.4.2. Water Stress (%),1997,18.72650145,E,,2002,20.38847957,E,,2007,22.45679839,E,,2012,21.43782094,E,,2017,19.53561063,E,,2018,19.53561063,E
,,,,,,,,,,,,,,,,,,,,,,,,
,,,1993-1997,,,,1998-2002,,,,2003-2007,,,,2008-2012,,,,2013-2017,,,,2018-2022,
Qatar,SDG 6.4.2. Water Stress (%),1997,279.8275862,I,,2002,321.9655172,E,,2007,388.4482759,I,,2012,424.2241379,I,,2017,431.0344828,E,,2018,431.0344828,E
,,,,,,,,,,,,,,,,,,,,,,,,
,,,1993-1997,,,,1998-2002,,,,2003-2007,,,,2008-2012,,,,2013-2017,,,,2018-2022,
Republic of Korea,SDG 6.4.2. Water Stress (%),1997,74.25569177,E,,2002,85.13718622,E,,2007,85.22183304,E,,2012,85.22183304,E,,2017,85.22183304,E,,2018,85.22183304,E
,,,,,,,,,,,,,,,,,,,,,,,,
,,,1993-1997,,,,1998-2002,,,,2003-2007,,,,2008-2012,,,,2013-2017,,,,2018-2022,
Republic of Moldova,SDG 6.4.2. Water Stress (%),1997,22.11099711,E,,2002,12.86011286,E,,2007,12.68191268,E,,2012,12.62251262,E,,2017,12.47401247,E,,2018,12.42946243,E
,,,,,,,,,,,,,,,,,,,,,,,,
,,,1993-1997,,,,1998-2002,,,,2003-2007,,,,2008-2012,,,,2013-2017,,,,2018-2022,
Romania,SDG 6.4.2. Water Stress (%),1997,11.66557438,E,,2002,8.634023032,E,,2007,6.445089411,E,,2012,6.068720157,E,,2017,6.341166557,E,,2018,6.00692819,E
,,,,,,,,,,,,,,,,,,,,,,,,
,,,1993-1997,,,,1998-2002,,,,2003-2007,,,,2008-2012,,,,2013-2017,,,,2018-2022,
Russian Federation,SDG 6.4.2. Water Stress (%),1997,4.610563258,E,,2002,4.182446233,E,,2007,4.04465657,E,,2012,4.070094662,E,,2017,4.096168705,E,,2018,4.122242749,E
,,,,,,,,,,,,,,,,,,,,,,,,
,,,1993-1997,,,,1998-2002,,,,2003-2007,,,,2008-2012,,,,2013-2017,,,,2018-2022,
Rwanda,SDG 6.4.2. Water Stress (%),,,,,2002,5.41589404,E,,2007,6.089403974,E,,2012,6.089403974,E,,2017,6.089403974,E,,2018,6.089403974,E
,,,,,,,,,,,,,,,,,,,,,,,,
,,,1993-1997,,,,1998-2002,,,,2003-2007,,,,2008-2012,,,,2013-2017,,,,2018-2022,
Saint Kitts and Nevis,SDG 6.4.2. Water Stress (%),,,,,,,,,,,,,2012,50.83333333,E,,2017,50.83333333,I,,2018,50.83333333,I
,,,,,,,,,,,,,,,,,,,,,,,,
,,,1993-1997,,,,1998-2002,,,,2003-2007,,,,2008-2012,,,,2013-2017,,,,2018-2022,
Saint Lucia,SDG 6.4.2. Water Stress (%),,,,,,,,,2007,14.3,E,,2012,14.3,I,,2017,14.3,I,,2018,14.3,I
,,,,,,,,,,,,,,,,,,,,,,,,
,,,1993-1997,,,,1998-2002,,,,2003-2007,,,,2008-2012,,,,2013-2017,,,,2018-2022,
Saint Vincent and the Grenadines,SDG 6.4.2. Water Stress (%),1997,9.9,I,,2002,9.417444444,E,,2007,9.1,I,,2012,8.1,I,,2017,7.9,I,,2018,7.9,I
,,,,,,,,,,,,,,,,,,,,,,,,
,,,1993-1997,,,,1998-2002,,,,2003-2007,,,,2008-2012,,,,2013-2017,,,,2018-2022,
Samoa,SDG 6.4.2. Water Stress (%),,,,,,,,,,,,,,,,,,,,,,,
,,,,,,,,,,,,,,,,,,,,,,,,
,,,1993-1997,,,,1998-2002,,,,2003-2007,,,,2008-2012,,,,2013-2017,,,,2018-2022,
San Marino,SDG 6.4.2. Water Stress (%),,,,,,,,,,,,,,,,,,,,,,,
,,,,,,,,,,,,,,,,,,,,,,,,
,,,1993-1997,,,,1998-2002,,,,2003-2007,,,,2008-2012,,,,2013-2017,,,,2018-2022,
Sao Tome and Principe,SDG 6.4.2. Water Stress (%),1997,0.591543678,I,,2002,0.929597128,I,,2007,1.267650578,I,,2012,1.605704029,I,,2017,1.876146789,I,,2018,1.876146789,I
,,,,,,,,,,,,,,,,,,,,,,,,
,,,1993-1997,,,,1998-2002,,,,2003-2007,,,,2008-2012,,,,2013-2017,,,,2018-2022,
Saudi Arabia,SDG 6.4.2. Water Stress (%),1997,765.359375,E,,2002,847.7802083,E,,2007,936.1284722,E,,2012,900.1041667,E,,2017,883.3333333,E,,2018,1000,E
,,,,,,,,,,,,,,,,,,,,,,,,
,,,1993-1997,,,,1998-2002,,,,2003-2007,,,,2008-2012,,,,2013-2017,,,,2018-2022,
Senegal,SDG 6.4.2. Water Stress (%),1997,8.170572118,E,,2002,11.80728336,E,,2007,11.80728336,E,,2012,11.80728336,E,,2017,11.80728336,E,,2018,11.80728336,E
,,,,,,,,,,,,,,,,,,,,,,,,
,,,1993-1997,,,,1998-2002,,,,2003-2007,,,,2008-2012,,,,2013-2017,,,,2018-2022,
Serbia,SDG 6.4.2. Water Stress (%),,,,,,,,,2007,4.46049814,E,,2012,4.962245013,E,,2017,6.059957173,E,,2018,6.263383298,E
,,,,,,,,,,,,,,,,,,,,,,,,
,,,1993-1997,,,,1998-2002,,,,2003-2007,,,,2008-2012,,,,2013-2017,,,,2018-2022,
Seychelles,SDG 6.4.2. Water Stress (%),,,,,,,,,,,,,,,,,,,,,,,
,,,,,,,,,,,,,,,,,,,,,,,,
,,,1993-1997,,,,1998-2002,,,,2003-2007,,,,2008-2012,,,,2013-2017,,,,2018-2022,
Sierra Leone,SDG 6.4.2. Water Stress (%),1997,0.386250899,E,,2002,0.463130841,E,,2007,0.495794393,E,,2012,0.495794393,E,,2017,0.495794393,E,,2018,0.495794393,E
,,,,,,,,,,,,,,,,,,,,,,,,
,,,1993-1997,,,,1998-2002,,,,2003-2007,,,,2008-2012,,,,2013-2017,,,,2018-2022,
Singapore,SDG 6.4.2. Water Stress (%),1997,279.8825,E,,2002,338.24525,E,,2007,315.0613333,E,,2012,160.0334167,E,,2017,83.21666667,E,,2018,81.85,E
,,,,,,,,,,,,,,,,,,,,,,,,
,,,1993-1997,,,,1998-2002,,,,2003-2007,,,,2008-2012,,,,2013-2017,,,,2018-2022,
Slovakia,SDG 6.4.2. Water Stress (%),1997,5.636833047,E,,2002,4.709122203,E,,2007,2.959982788,E,,2012,2.862736661,E,,2017,2.393717728,E,,2018,2.394578313,E
,,,,,,,,,,,,,,,,,,,,,,,,
,,,1993-1997,,,,1998-2002,,,,2003-2007,,,,2008-2012,,,,2013-2017,,,,2018-2022,
Slovenia,SDG 6.4.2. Water Stress (%),,,,,2002,6.079783638,E,,2007,6.324543611,E,,2012,6.274509804,E,,2017,6.29749831,E,,2018,6.497633536,E
,,,,,,,,,,,,,,,,,,,,,,,,
,,,1993-1997,,,,1998-2002,,,,2003-2007,,,,2008-2012,,,,2013-2017,,,,2018-2022,
Solomon Islands,SDG 6.4.2. Water Stress (%),,,,,,,,,,,,,,,,,,,,,,,
,,,,,,,,,,,,,,,,,,,,,,,,
,,,1993-1997,,,,1998-2002,,,,2003-2007,,,,2008-2012,,,,2013-2017,,,,2018-2022,
Somalia,SDG 6.4.2. Water Stress (%),1997,20.21132965,E,,2002,24.50766027,E,,2007,24.52774059,E,,2012,24.52774059,E,,2017,24.52774059,E,,2018,24.52774059,E
,,,,,,,,,,,,,,,,,,,,,,,,
,,,1993-1997,,,,1998-2002,,,,2003-2007,,,,2008-2012,,,,2013-2017,,,,2018-2022,
South Africa,SDG 6.4.2. Water Stress (%),1997,41.11431316,E,,2002,42.13478164,E,,2007,45.54250105,E,,2012,48.95022045,E,,2017,62.05571566,E,,2018,63.56067883,E
,,,,,,,,,,,,,,,,,,,,,,,,
,,,1993-1997,,,,1998-2002,,,,2003-2007,,,,2008-2012,,,,2013-2017,,,,2018-2022,
South Sudan,SDG 6.4.2. Water Stress (%),,,,,,,,,,,,,2012,4.226075787,E,,2017,4.226075787,E,,2018,4.226075787,E
,,,,,,,,,,,,,,,,,,,,,,,,
,,,1993-1997,,,,1998-2002,,,,2003-2007,,,,2008-2012,,,,2013-2017,,,,2018-2022,
Spain,SDG 6.4.2. Water Stress (%),1997,47.03476483,E,,2002,48.40763463,E,,2007,47.68370825,E,,2012,50.10224949,E,,2017,42.56441718,E,,2018,42.56441718,E
,,,,,,,,,,,,,,,,,,,,,,,,
,,,1993-1997,,,,1998-2002,,,,2003-2007,,,,2008-2012,,,,2013-2017,,,,2018-2022,
Sri Lanka,SDG 6.4.2. Water Stress (%),1997,84.41879383,E,,2002,91.057223,E,,2007,90.78541374,E,,2012,90.78541374,E,,2017,90.78541374,E,,2018,90.78541374,E
,,,,,,,,,,,,,,,,,,,,,,,,
,,,1993-1997,,,,1998-2002,,,,2003-2007,,,,2008-2012,,,,2013-2017,,,,2018-2022,
Sudan,SDG 6.4.2. Water Stress (%),,,,,,,,,,,,,2012,118.6563877,E,,2017,118.6563877,E,,2018,118.6563877,E
,,,,,,,,,,,,,,,,,,,,,,,,
,,,1993-1997,,,,1998-2002,,,,2003-2007,,,,2008-2012,,,,2013-2017,,,,2018-2022,
Suriname,SDG 6.4.2. Water Stress (%),1997,3.986776533,E,,2002,4.181954244,E,,2007,3.950609365,E,,2012,3.950609365,E,,2017,3.950609365,E,,2018,3.950609365,E
,,,,,,,,,,,,,,,,,,,,,,,,
,,,1993-1997,,,,1998-2002,,,,2003-2007,,,,2008-2012,,,,2013-2017,,,,2018-2022,
Sweden,SDG 6.4.2. Water Stress (%),1997,3.911976912,E,,2002,3.861471862,E,,2007,3.795093795,E,,2012,3.698989899,E,,2017,3.427128427,E,,2018,3.427128427,E
,,,,,,,,,,,,,,,,,,,,,,,,
,,,1993-1997,,,,1998-2002,,,,2003-2007,,,,2008-2012,,,,2013-2017,,,,2018-2022,
Switzerland,SDG 6.4.2. Water Stress (%),1997,9.756292906,E,,2002,9.603356217,E,,2007,8.624141876,E,,2012,7.627765065,E,,2017,6.498855835,E,,2018,6.498855835,E
,,,,,,,,,,,,,,,,,,,,,,,,
,,,1993-1997,,,,1998-2002,,,,2003-2007,,,,2008-2012,,,,2013-2017,,,,2018-2022,
Syrian Arab Republic,SDG 6.4.2. Water Stress (%),1997,128.479829,E,,2002,145.6852792,E,,2007,125.9631312,E,,2012,124.3601389,E,,2017,124.3601389,E,,2018,124.3601389,E
,,,,,,,,,,,,,,,,,,,,,,,,
,,,1993-1997,,,,1998-2002,,,,2003-2007,,,,2008-2012,,,,2013-2017,,,,2018-2022,
Tajikistan,SDG 6.4.2. Water Stress (%),1997,78.60205832,E,,2002,78.75445309,E,,2007,73.28598027,E,,2012,70.44552931,E,,2017,52.69824515,E,,2018,64.48080222,E
,,,,,,,,,,,,,,,,,,,,,,,,
,,,1993-1997,,,,1998-2002,,,,2003-2007,,,,2008-2012,,,,2013-2017,,,,2018-2022,
Thailand,SDG 6.4.2. Water Stress (%),,,,,,,,,2007,23.01393518,E,,2012,23.01393518,E,,2017,23.01393518,E,,2018,23.01393518,E
,,,,,,,,,,,,,,,,,,,,,,,,
,,,1993-1997,,,,1998-2002,,,,2003-2007,,,,2008-2012,,,,2013-2017,,,,2018-2022,
Timor-Leste,SDG 6.4.2. Water Stress (%),,,,,,,,,2007,28.26821032,E,,2012,28.26821032,E,,2017,28.26821032,E,,2018,28.26821032,E
,,,,,,,,,,,,,,,,,,,,,,,,
,,,1993-1997,,,,1998-2002,,,,2003-2007,,,,2008-2012,,,,2013-2017,,,,2018-2022,
Togo,SDG 6.4.2. Water Stress (%),1997,2.304377498,E,,2002,2.570342205,E,,2007,3.391634981,E,,2012,3.391634981,E,,2017,3.391634981,E,,2018,3.391634981,E
,,,,,,,,,,,,,,,,,,,,,,,,
,,,1993-1997,,,,1998-2002,,,,2003-2007,,,,2008-2012,,,,2013-2017,,,,2018-2022,
Tokelau,SDG 6.4.2. Water Stress (%),,,,,,,,,,,,,,,,,,,,,,,
,,,,,,,,,,,,,,,,,,,,,,,,
,,,1993-1997,,,,1998-2002,,,,2003-2007,,,,2008-2012,,,,2013-2017,,,,2018-2022,
Tonga,SDG 6.4.2. Water Stress (%),,,,,,,,,,,,,,,,,,,,,,,
,,,,,,,,,,,,,,,,,,,,,,,,
,,,1993-1997,,,,1998-2002,,,,2003-2007,,,,2008-2012,,,,2013-2017,,,,2018-2022,
Trinidad and Tobago,SDG 6.4.2. Water Stress (%),1997,17.95646917,E,,2002,19.73397823,E,,2007,19.23014913,E,,2012,20.32648126,E,,2017,20.32648126,E,,2018,20.32648126,E
,,,,,,,,,,,,,,,,,,,,,,,,
,,,1993-1997,,,,1998-2002,,,,2003-2007,,,,2008-2012,,,,2013-2017,,,,2018-2022,
Tunisia,SDG 6.4.2. Water Stress (%),1997,70.08607775,E,,2002,71.70606607,E,,2007,73.61044105,E,,2012,84.26986263,E,,2017,89.53101592,E,,2018,95.9987812,E
,,,,,,,,,,,,,,,,,,,,,,,,
,,,1993-1997,,,,1998-2002,,,,2003-2007,,,,2008-2012,,,,2013-2017,,,,2018-2022,
Turkey,SDG 6.4.2. Water Stress (%),1997,25.97757346,E,,2002,29.6206888,E,,2007,30.80266285,E,,2012,37.51764094,E,,2017,43.66707643,E,,2018,45.37887544,E
,,,,,,,,,,,,,,,,,,,,,,,,
,,,1993-1997,,,,1998-2002,,,,2003-2007,,,,2008-2012,,,,2013-2017,,,,2018-2022,
Turkmenistan,SDG 6.4.2. Water Stress (%),1997,125.0002576,E,,2002,133.9637644,E,,2007,143.5600206,E,,2012,143.5600206,E,,2017,143.5600206,E,,2018,143.5600206,E
,,,,,,,,,,,,,,,,,,,,,,,,
,,,1993-1997,,,,1998-2002,,,,2003-2007,,,,2008-2012,,,,2013-2017,,,,2018-2022,
Tuvalu,SDG 6.4.2. Water Stress (%),,,,,,,,,,,,,,,,,,,,,,,
,,,,,,,,,,,,,,,,,,,,,,,,
,,,1993-1997,,,,1998-2002,,,,2003-2007,,,,2008-2012,,,,2013-2017,,,,2018-2022,
Uganda,SDG 6.4.2. Water Stress (%),1997,2.896980787,E,,2002,3.307868253,E,,2007,5.407974992,E,,2012,5.82799634,E,,2017,5.82799634,E,,2018,5.82799634,E
,,,,,,,,,,,,,,,,,,,,,,,,
,,,1993-1997,,,,1998-2002,,,,2003-2007,,,,2008-2012,,,,2013-2017,,,,2018-2022,
Ukraine,SDG 6.4.2. Water Stress (%),1997,27.43845556,E,,2002,22.02954133,E,,2007,19.41953874,E,,2012,16.68113501,E,,2017,13.87017362,E,,2018,13.87017362,E
,,,,,,,,,,,,,,,,,,,,,,,,
,,,1993-1997,,,,1998-2002,,,,2003-2007,,,,2008-2012,,,,2013-2017,,,,2018-2022,
United Arab Emirates,SDG 6.4.2. Water Stress (%),1997,1360.96,E,,2002,1499.991111,E,,2007,1847.151515,I,,2012,1798.363636,I,,2017,1708,E,,2018,1667.333333,E
,,,,,,,,,,,,,,,,,,,,,,,,
,,,1993-1997,,,,1998-2002,,,,2003-2007,,,,2008-2012,,,,2013-2017,,,,2018-2022,
United Kingdom,SDG 6.4.2. Water Stress (%),1997,20.88249244,E,,2002,21.5541967,E,,2007,14.51491901,E,,2012,13.66922421,E,,2017,14.35464621,E,,2018,14.35464621,E
,,,,,,,,,,,,,,,,,,,,,,,,
,,,1993-1997,,,,1998-2002,,,,2003-2007,,,,2008-2012,,,,2013-2017,,,,2018-2022,
United Republic of Tanzania,SDG 6.4.2. Water Stress (%),1997,7.18249875,E,,2002,12.96324081,E,,2007,12.96324081,E,,2012,12.96324081,E,,2017,12.96324081,E,,2018,12.96324081,E
,,,,,,,,,,,,,,,,,,,,,,,,
,,,1993-1997,,,,1998-2002,,,,2003-2007,,,,2008-2012,,,,2013-2017,,,,2018-2022,
United States of America,SDG 6.4.2. Water Stress (%),1997,29.85107731,E,,2002,30.13941698,E,,2007,28.81368821,E,,2012,27.18874808,E,,2017,28.16198427,E,,2018,28.16198427,E
,,,,,,,,,,,,,,,,,,,,,,,,
,,,1993-1997,,,,1998-2002,,,,2003-2007,,,,2008-2012,,,,2013-2017,,,,2018-2022,
Uruguay,SDG 6.4.2. Water Stress (%),1997,9.096256685,E,,2002,9.786096257,E,,2007,9.786096257,E,,2012,9.786096257,E,,2017,9.786096257,E,,2018,9.786096257,E
,,,,,,,,,,,,,,,,,,,,,,,,
,,,1993-1997,,,,1998-2002,,,,2003-2007,,,,2008-2012,,,,2013-2017,,,,2018-2022,
Uzbekistan,SDG 6.4.2. Water Stress (%),1997,153.6310377,E,,2002,150.8316605,E,,2007,141.8092598,E,,2012,143.8804448,E,,2017,168.9131058,E,,2018,168.924577,E
,,,,,,,,,,,,,,,,,,,,,,,,
,,,1993-1997,,,,1998-2002,,,,2003-2007,,,,2008-2012,,,,2013-2017,,,,2018-2022,
Vanuatu,SDG 6.4.2. Water Stress (%),,,,,,,,,,,,,,,,,,,,,,,
,,,,,,,,,,,,,,,,,,,,,,,,
,,,1993-1997,,,,1998-2002,,,,2003-2007,,,,2008-2012,,,,2013-2017,,,,2018-2022,
Venezuela (Bolivarian Republic of),SDG 6.4.2. Water Stress (%),1997,2.854336667,E,,2002,4.342593333,E,,2007,7.540366667,E,,2012,7.540366667,E,,2017,7.540366667,E,,2018,7.540366667,E
,,,,,,,,,,,,,,,,,,,,,,,,
,,,1993-1997,,,,1998-2002,,,,2003-2007,,,,2008-2012,,,,2013-2017,,,,2018-2022,
Viet Nam,SDG 6.4.2. Water Stress (%),1997,14.55643161,E,,2002,16.80997519,E,,2007,18.13031538,E,,2012,18.13031538,E,,2017,18.13031538,E,,2018,18.13031538,E
,,,,,,,,,,,,,,,,,,,,,,,,
,,,1993-1997,,,,1998-2002,,,,2003-2007,,,,2008-2012,,,,2013-2017,,,,2018-2022,
Yemen,SDG 6.4.2. Water Stress (%),1997,154.7428571,E,,2002,164.5904762,I,,2007,169.7619048,I,,2012,169.7619048,I,,2017,169.7619048,I,,2018,169.7619048,I
,,,,,,,,,,,,,,,,,,,,,,,,
,,,1993-1997,,,,1998-2002,,,,2003-2007,,,,2008-2012,,,,2013-2017,,,,2018-2022,
Zambia,SDG 6.4.2. Water Stress (%),1997,2.986562049,E,,2002,2.835497836,E,,2007,2.835497836,E,,2012,2.835497836,E,,2017,2.835497836,E,,2018,2.835497836,E
,,,,,,,,,,,,,,,,,,,,,,,,
,,,1993-1997,,,,1998-2002,,,,2003-2007,,,,2008-2012,,,,2013-2017,,,,2018-2022,
Zimbabwe,SDG 6.4.2. Water Stress (%),1997,30.13518588,E,,2002,39.47615471,E,,2007,33.5148329,E,,2012,32.48803042,E,,2017,31.34622606,E,,2018,35.40536988,E
,,,,,,,,,,,,,,,,,,,,,,,,
,,,,,,,,,,,,,,,,,,,,,,,,
,,,,,,,,,,,,,,,,,,,,,,,,
#NAME?,,,,,,,,,,,,,,,,,,,,,,,,
#NAME?,,,,,,,,,,,,,,,,,,,,,,,,
#NAME?,,,,,,,,,,,,,,,,,,,,,,,,
#NAME?,,,,,,,,,,,,,,,,,,,,,,,,
(c) 2022 FAO of the UN,,,,,,,,,,,,,,,,,,,,,,,,
The information contained in AQUASTAT is provided free of charge to all users. Recommended citation:<br/>,,,,,,,,,,,,,,,,,,,,,,,,
"FAO [Year of publication].AQUASTAT Database. AQUASTAT&nbsp;<a href=""""http://www.fao.org/nr/water/aquastat/data/query/index.html?lang=en"""" target=""""_blank"""">Website</a>&nbsp;accessed on&nbsp;[03/08/2022 19:22]",,,,,,,,,,,,,,,,,,,,,,,,